Source,Meand13C,SDd13C,Meand15N,SDd15N,n
KLP,-14.85153846,2.621446595,9.483076923,1.320584862,10000
PHYTO,-21.45555556,1.238081949,6.938888889,0.848756534,10000
